<?xml version="1.0" encoding="UTF-8"?><rss version="2.0"
	xmlns:content="http://purl.org/rss/1.0/modules/content/"
	xmlns:wfw="http://wellformedweb.org/CommentAPI/"
	xmlns:dc="http://purl.org/dc/elements/1.1/"
	xmlns:atom="http://www.w3.org/2005/Atom"
	xmlns:sy="http://purl.org/rss/1.0/modules/syndication/"
	xmlns:slash="http://purl.org/rss/1.0/modules/slash/"
	>

<channel>
	<title>Harold</title>
	<atom:link href="/feed/" rel="self" type="application/rss+xml" />
	<link></link>
	<description></description>
	<lastBuildDate>Fri, 20 Sep 2019 16:16:16 +0000</lastBuildDate>
	<language>en-US</language>
	<sy:updatePeriod>
	hourly	</sy:updatePeriod>
	<sy:updateFrequency>
	1	</sy:updateFrequency>
	<generator>https://wordpress.org/?v=5.2.3</generator>

<image>
	<url>/wp-content/uploads/2019/09/cropped-crazydemo-32x32.png</url>
	<title>Harold</title>
	<link></link>
	<width>32</width>
	<height>32</height>
</image> 
	<item>
		<title>Kamalame Cay Resort</title>
		<link>/kamalame-cay-resort-4/</link>
				<pubDate>Fri, 20 Sep 2019 16:16:13 +0000</pubDate>
		<dc:creator><![CDATA[Harold Sumbrana]]></dc:creator>
				<category><![CDATA[Category1]]></category>

		<guid isPermaLink="false">/?p=2176</guid>
				<description><![CDATA[<p>Kamalame Cay, The Bahamas</p>
<p>The post <a rel="nofollow" href="/kamalame-cay-resort-4/">Kamalame Cay Resort</a> appeared first on <a rel="nofollow" href="">Harold</a>.</p>
]]></description>
								<content:encoded><![CDATA[		<div data-elementor-type="post" data-elementor-id="2176" class="elementor elementor-2176" data-elementor-settings="[]">
			<div class="elementor-inner">
				<div class="elementor-section-wrap">
							<section class="elementor-element elementor-element-498ba45 elementor-section-boxed elementor-section-height-default elementor-section-height-default elementor-section elementor-top-section" data-id="498ba45" data-element_type="section">
						<div class="elementor-container elementor-column-gap-default">
				<div class="elementor-row">
				<div class="elementor-element elementor-element-53c0d2d4 elementor-column elementor-col-100 elementor-top-column" data-id="53c0d2d4" data-element_type="column">
			<div class="elementor-column-wrap  elementor-element-populated">
					<div class="elementor-widget-wrap">
				<div class="elementor-element elementor-element-7c44b16 elementor-widget elementor-widget-text-editor" data-id="7c44b16" data-element_type="widget" data-widget_type="text-editor.default">
				<div class="elementor-widget-container">
					<div class="elementor-text-editor elementor-clearfix"><!-- wp:spacer {"height":30} -->
<div class="wp-block-spacer" style="height: 30px;" aria-hidden="true"> </div>
<!-- /wp:spacer --><!-- wp:paragraph {"dropCap":true} -->
<p class="has-drop-cap">Phasellus hendrerit. Pellentesque aliquet nibh nec urna. In nisi neque, aliquet vel, dapibus id, mattis vel, nisi. Sed pretium, ligula sollicitudin laoreet viverra, tortor libero sodales leo, eget blandit nunc tortor eu nibh. Nullam mollis. Ut justo. Suspendisse potenti. Hendrerit. Pellentesque aliquet nibh nec urna. In nisi neque, aliquet vel, dapibus id, mattis vel, nisi. Sed pretium, ligula sollicitudin laoreet viverra, tortor libero sodales leo, eget blandit nunc tortor eu nibh. Nullam mollis. Ut justo. Suspendisse potenti, aliquet vel, dapibus id, mattis vel, nisi. Sed pretium, ligula sollicitudin laoreet viverra, tortor libero sodales leo, eget blandit nunc tortor eu nibh. Nullam mollis. Ut justo. Suspendisse potenti. ligula sollicitudin laoreet viverra, tortor libero sodales leo, eget blandit nunc tortor eu nibh. Nullam mollis. Ut justo. Suspendisse potenti. Hendrerit. ligula sollicitudin laoreet viverra, tortor libero sodales leo, eget blandit nunc tortor eu nibh. Nullam mollis. Ut justo. Suspendisse potenti. Hendrerit.</p>
<!-- /wp:paragraph --><!-- wp:uagb/section {"block_id":"e3608d94-f499-45a5-a3b8-058900407d32","topPadding":10,"bottomPadding":10,"topMargin":55,"bottomMargin":55,"contentWidth":"full_width","innerWidth":1200,"backgroundType":"color","backgroundColor":"#ffe6bf","backgroundOpacity":79} -->
<section id="uagb-section-e3608d94-f499-45a5-a3b8-058900407d32" class="wp-block-uagb-section uagb-section__wrap uagb-section__background-color">
<div class="uagb-section__overlay"> </div>
<div class="uagb-section__inner-wrap"><!-- wp:quote -->
<blockquote class="wp-block-quote">
<p>Pellentesque aliquet nibh nec urna. In nisi neque, aliquet vel, dapibus id, mattis vel, nisi. Sed pretium, ligula sollicitudin laoreet viverra, tortor libero sodales leo, eget blandit nunc tortor eu nibh. Nullam mollis. Ut justo. Suspendisse potenti.</p>
</blockquote>
<!-- /wp:quote --></div>
</section>
<!-- /wp:uagb/section --><!-- wp:columns -->
<div class="wp-block-columns has-2-columns"><!-- wp:column -->
<div class="wp-block-column"><!-- wp:image {"id":172,"width":456,"height":570} -->
<figure class="wp-block-image is-resized"><img class="wp-image-172" src="https://websitedemos.net/bbq-restaurant-02/wp-content/uploads/sites/284/2018/12/pic04-free-img.jpg" alt="" width="456" height="570" /></figure>
<!-- /wp:image --></div>
<!-- /wp:column --><!-- wp:column -->
<div class="wp-block-column"><!-- wp:uagb/section {"align":"left","block_id":"472958b0-1ea2-42b4-9b43-29c59e5b2186","topPadding":0,"leftPadding":0,"leftMargin":-30} -->
<section id="uagb-section-472958b0-1ea2-42b4-9b43-29c59e5b2186" class="wp-block-uagb-section uagb-section__wrap uagb-section__background-undefined">
<div class="uagb-section__overlay"> </div>
<div class="uagb-section__inner-wrap"><!-- wp:paragraph {"fontSize":"medium"} -->
<p class="has-medium-font-size"><strong>Consectetur adipiscing elit elit tellus, luctus nec ullamcorper mattis, pulvinar dapibus leo.​ Lorem ipsum dolor sit amet, consectetur adipiscing elit.</strong></p>
<!-- /wp:paragraph --><!-- wp:paragraph -->
<p>Phasellus hendrerit. Pellentesque aliquet nibh nec urna. In nisi neque, aliquet vel, dapibus id, mattis vel, nisi. Sed pretium, ligula sollicitudin laoreet viverra, tortor libero sodales leo, eget blandit nunc tortor eu nibh. Nullam mollis. Ut justo. Suspendisse potenti. Hendrerit. Pellentesque aliquet nibh nec urna. In nisi neque, aliquet vel, dapibus id, mattis vel, nisi. Sed pretium.</p>
<!-- /wp:paragraph --><!-- wp:paragraph -->
<p>In nisi neque, aliquet vel, dapibus id, mattis vel, nisi. Sed pretium, ligula sollicitudin laoreet viverra, tortor libero sodales leo, eget blandit nunc tortor eu nibh. Nullam mollis. Ut justo. Suspendisse potent.<br /><br />ligula sollicitudin laoreet viverra, tortor libero sodales leo, eget blandit nunc tortor eu nibh. Nullam mollis. Ut justo.</p>
<!-- /wp:paragraph --></div>
</section>
<!-- /wp:uagb/section --></div>
<!-- /wp:column --></div>
<!-- /wp:columns --></div>
				</div>
				</div>
						</div>
			</div>
		</div>
						</div>
			</div>
		</section>
						</div>
			</div>
		</div>
		<p>The post <a rel="nofollow" href="/kamalame-cay-resort-4/">Kamalame Cay Resort</a> appeared first on <a rel="nofollow" href="">Harold</a>.</p>
]]></content:encoded>
										</item>
		<item>
		<title>Kamalame Cay Resort</title>
		<link>/kamalame-cay-resort-3/</link>
				<pubDate>Fri, 20 Sep 2019 16:14:06 +0000</pubDate>
		<dc:creator><![CDATA[Harold Sumbrana]]></dc:creator>
				<category><![CDATA[Category1]]></category>

		<guid isPermaLink="false">/?p=2177</guid>
				<description><![CDATA[<p>Kamalame Cay, The Bahamas</p>
<p>The post <a rel="nofollow" href="/kamalame-cay-resort-3/">Kamalame Cay Resort</a> appeared first on <a rel="nofollow" href="">Harold</a>.</p>
]]></description>
								<content:encoded><![CDATA[		<div data-elementor-type="post" data-elementor-id="2177" class="elementor elementor-2177" data-elementor-settings="[]">
			<div class="elementor-inner">
				<div class="elementor-section-wrap">
							<section class="elementor-element elementor-element-498ba45 elementor-section-boxed elementor-section-height-default elementor-section-height-default elementor-section elementor-top-section" data-id="498ba45" data-element_type="section">
						<div class="elementor-container elementor-column-gap-default">
				<div class="elementor-row">
				<div class="elementor-element elementor-element-53c0d2d4 elementor-column elementor-col-100 elementor-top-column" data-id="53c0d2d4" data-element_type="column">
			<div class="elementor-column-wrap  elementor-element-populated">
					<div class="elementor-widget-wrap">
				<div class="elementor-element elementor-element-7c44b16 elementor-widget elementor-widget-text-editor" data-id="7c44b16" data-element_type="widget" data-widget_type="text-editor.default">
				<div class="elementor-widget-container">
					<div class="elementor-text-editor elementor-clearfix"><!-- wp:spacer {"height":30} -->
<div class="wp-block-spacer" style="height: 30px;" aria-hidden="true"> </div>
<!-- /wp:spacer --><!-- wp:paragraph {"dropCap":true} -->
<p class="has-drop-cap">Phasellus hendrerit. Pellentesque aliquet nibh nec urna. In nisi neque, aliquet vel, dapibus id, mattis vel, nisi. Sed pretium, ligula sollicitudin laoreet viverra, tortor libero sodales leo, eget blandit nunc tortor eu nibh. Nullam mollis. Ut justo. Suspendisse potenti. Hendrerit. Pellentesque aliquet nibh nec urna. In nisi neque, aliquet vel, dapibus id, mattis vel, nisi. Sed pretium, ligula sollicitudin laoreet viverra, tortor libero sodales leo, eget blandit nunc tortor eu nibh. Nullam mollis. Ut justo. Suspendisse potenti, aliquet vel, dapibus id, mattis vel, nisi. Sed pretium, ligula sollicitudin laoreet viverra, tortor libero sodales leo, eget blandit nunc tortor eu nibh. Nullam mollis. Ut justo. Suspendisse potenti. ligula sollicitudin laoreet viverra, tortor libero sodales leo, eget blandit nunc tortor eu nibh. Nullam mollis. Ut justo. Suspendisse potenti. Hendrerit. ligula sollicitudin laoreet viverra, tortor libero sodales leo, eget blandit nunc tortor eu nibh. Nullam mollis. Ut justo. Suspendisse potenti. Hendrerit.</p>
<!-- /wp:paragraph --><!-- wp:uagb/section {"block_id":"e3608d94-f499-45a5-a3b8-058900407d32","topPadding":10,"bottomPadding":10,"topMargin":55,"bottomMargin":55,"contentWidth":"full_width","innerWidth":1200,"backgroundType":"color","backgroundColor":"#ffe6bf","backgroundOpacity":79} -->
<section id="uagb-section-e3608d94-f499-45a5-a3b8-058900407d32" class="wp-block-uagb-section uagb-section__wrap uagb-section__background-color">
<div class="uagb-section__overlay"> </div>
<div class="uagb-section__inner-wrap"><!-- wp:quote -->
<blockquote class="wp-block-quote">
<p>Pellentesque aliquet nibh nec urna. In nisi neque, aliquet vel, dapibus id, mattis vel, nisi. Sed pretium, ligula sollicitudin laoreet viverra, tortor libero sodales leo, eget blandit nunc tortor eu nibh. Nullam mollis. Ut justo. Suspendisse potenti.</p>
</blockquote>
<!-- /wp:quote --></div>
</section>
<!-- /wp:uagb/section --><!-- wp:columns -->
<div class="wp-block-columns has-2-columns"><!-- wp:column -->
<div class="wp-block-column"><!-- wp:image {"id":172,"width":456,"height":570} -->
<figure class="wp-block-image is-resized"><img class="wp-image-172" src="https://websitedemos.net/bbq-restaurant-02/wp-content/uploads/sites/284/2018/12/pic04-free-img.jpg" alt="" width="456" height="570" /></figure>
<!-- /wp:image --></div>
<!-- /wp:column --><!-- wp:column -->
<div class="wp-block-column"><!-- wp:uagb/section {"align":"left","block_id":"472958b0-1ea2-42b4-9b43-29c59e5b2186","topPadding":0,"leftPadding":0,"leftMargin":-30} -->
<section id="uagb-section-472958b0-1ea2-42b4-9b43-29c59e5b2186" class="wp-block-uagb-section uagb-section__wrap uagb-section__background-undefined">
<div class="uagb-section__overlay"> </div>
<div class="uagb-section__inner-wrap"><!-- wp:paragraph {"fontSize":"medium"} -->
<p class="has-medium-font-size"><strong>Consectetur adipiscing elit elit tellus, luctus nec ullamcorper mattis, pulvinar dapibus leo.​ Lorem ipsum dolor sit amet, consectetur adipiscing elit.</strong></p>
<!-- /wp:paragraph --><!-- wp:paragraph -->
<p>Phasellus hendrerit. Pellentesque aliquet nibh nec urna. In nisi neque, aliquet vel, dapibus id, mattis vel, nisi. Sed pretium, ligula sollicitudin laoreet viverra, tortor libero sodales leo, eget blandit nunc tortor eu nibh. Nullam mollis. Ut justo. Suspendisse potenti. Hendrerit. Pellentesque aliquet nibh nec urna. In nisi neque, aliquet vel, dapibus id, mattis vel, nisi. Sed pretium.</p>
<!-- /wp:paragraph --><!-- wp:paragraph -->
<p>In nisi neque, aliquet vel, dapibus id, mattis vel, nisi. Sed pretium, ligula sollicitudin laoreet viverra, tortor libero sodales leo, eget blandit nunc tortor eu nibh. Nullam mollis. Ut justo. Suspendisse potent.<br /><br />ligula sollicitudin laoreet viverra, tortor libero sodales leo, eget blandit nunc tortor eu nibh. Nullam mollis. Ut justo.</p>
<!-- /wp:paragraph --></div>
</section>
<!-- /wp:uagb/section --></div>
<!-- /wp:column --></div>
<!-- /wp:columns --></div>
				</div>
				</div>
						</div>
			</div>
		</div>
						</div>
			</div>
		</section>
						</div>
			</div>
		</div>
		<p>The post <a rel="nofollow" href="/kamalame-cay-resort-3/">Kamalame Cay Resort</a> appeared first on <a rel="nofollow" href="">Harold</a>.</p>
]]></content:encoded>
										</item>
		<item>
		<title>Kamalame Cay Resort</title>
		<link>/kamalame-cay-resort-2/</link>
				<pubDate>Fri, 20 Sep 2019 16:08:45 +0000</pubDate>
		<dc:creator><![CDATA[Harold Sumbrana]]></dc:creator>
				<category><![CDATA[Category1]]></category>

		<guid isPermaLink="false">/?p=2172</guid>
				<description><![CDATA[<p>Kamalame Cay, The Bahamas</p>
<p>The post <a rel="nofollow" href="/kamalame-cay-resort-2/">Kamalame Cay Resort</a> appeared first on <a rel="nofollow" href="">Harold</a>.</p>
]]></description>
								<content:encoded><![CDATA[		<div data-elementor-type="post" data-elementor-id="2172" class="elementor elementor-2172" data-elementor-settings="[]">
			<div class="elementor-inner">
				<div class="elementor-section-wrap">
							<section class="elementor-element elementor-element-498ba45 elementor-section-boxed elementor-section-height-default elementor-section-height-default elementor-section elementor-top-section" data-id="498ba45" data-element_type="section">
						<div class="elementor-container elementor-column-gap-default">
				<div class="elementor-row">
				<div class="elementor-element elementor-element-53c0d2d4 elementor-column elementor-col-100 elementor-top-column" data-id="53c0d2d4" data-element_type="column">
			<div class="elementor-column-wrap  elementor-element-populated">
					<div class="elementor-widget-wrap">
				<div class="elementor-element elementor-element-7c44b16 elementor-widget elementor-widget-text-editor" data-id="7c44b16" data-element_type="widget" data-widget_type="text-editor.default">
				<div class="elementor-widget-container">
					<div class="elementor-text-editor elementor-clearfix"><!-- wp:spacer {"height":30} -->
<div class="wp-block-spacer" style="height: 30px;" aria-hidden="true"> </div>
<!-- /wp:spacer --><!-- wp:paragraph {"dropCap":true} -->
<p class="has-drop-cap">Phasellus hendrerit. Pellentesque aliquet nibh nec urna. In nisi neque, aliquet vel, dapibus id, mattis vel, nisi. Sed pretium, ligula sollicitudin laoreet viverra, tortor libero sodales leo, eget blandit nunc tortor eu nibh. Nullam mollis. Ut justo. Suspendisse potenti. Hendrerit. Pellentesque aliquet nibh nec urna. In nisi neque, aliquet vel, dapibus id, mattis vel, nisi. Sed pretium, ligula sollicitudin laoreet viverra, tortor libero sodales leo, eget blandit nunc tortor eu nibh. Nullam mollis. Ut justo. Suspendisse potenti, aliquet vel, dapibus id, mattis vel, nisi. Sed pretium, ligula sollicitudin laoreet viverra, tortor libero sodales leo, eget blandit nunc tortor eu nibh. Nullam mollis. Ut justo. Suspendisse potenti. ligula sollicitudin laoreet viverra, tortor libero sodales leo, eget blandit nunc tortor eu nibh. Nullam mollis. Ut justo. Suspendisse potenti. Hendrerit. ligula sollicitudin laoreet viverra, tortor libero sodales leo, eget blandit nunc tortor eu nibh. Nullam mollis. Ut justo. Suspendisse potenti. Hendrerit.</p>
<!-- /wp:paragraph --><!-- wp:uagb/section {"block_id":"e3608d94-f499-45a5-a3b8-058900407d32","topPadding":10,"bottomPadding":10,"topMargin":55,"bottomMargin":55,"contentWidth":"full_width","innerWidth":1200,"backgroundType":"color","backgroundColor":"#ffe6bf","backgroundOpacity":79} -->
<section id="uagb-section-e3608d94-f499-45a5-a3b8-058900407d32" class="wp-block-uagb-section uagb-section__wrap uagb-section__background-color">
<div class="uagb-section__overlay"> </div>
<div class="uagb-section__inner-wrap"><!-- wp:quote -->
<blockquote class="wp-block-quote">
<p>Pellentesque aliquet nibh nec urna. In nisi neque, aliquet vel, dapibus id, mattis vel, nisi. Sed pretium, ligula sollicitudin laoreet viverra, tortor libero sodales leo, eget blandit nunc tortor eu nibh. Nullam mollis. Ut justo. Suspendisse potenti.</p>
</blockquote>
<!-- /wp:quote --></div>
</section>
<!-- /wp:uagb/section --><!-- wp:columns -->
<div class="wp-block-columns has-2-columns"><!-- wp:column -->
<div class="wp-block-column"><!-- wp:image {"id":172,"width":456,"height":570} -->
<figure class="wp-block-image is-resized"><img class="wp-image-172" src="https://websitedemos.net/bbq-restaurant-02/wp-content/uploads/sites/284/2018/12/pic04-free-img.jpg" alt="" width="456" height="570" /></figure>
<!-- /wp:image --></div>
<!-- /wp:column --><!-- wp:column -->
<div class="wp-block-column"><!-- wp:uagb/section {"align":"left","block_id":"472958b0-1ea2-42b4-9b43-29c59e5b2186","topPadding":0,"leftPadding":0,"leftMargin":-30} -->
<section id="uagb-section-472958b0-1ea2-42b4-9b43-29c59e5b2186" class="wp-block-uagb-section uagb-section__wrap uagb-section__background-undefined">
<div class="uagb-section__overlay"> </div>
<div class="uagb-section__inner-wrap"><!-- wp:paragraph {"fontSize":"medium"} -->
<p class="has-medium-font-size"><strong>Consectetur adipiscing elit elit tellus, luctus nec ullamcorper mattis, pulvinar dapibus leo.​ Lorem ipsum dolor sit amet, consectetur adipiscing elit.</strong></p>
<!-- /wp:paragraph --><!-- wp:paragraph -->
<p>Phasellus hendrerit. Pellentesque aliquet nibh nec urna. In nisi neque, aliquet vel, dapibus id, mattis vel, nisi. Sed pretium, ligula sollicitudin laoreet viverra, tortor libero sodales leo, eget blandit nunc tortor eu nibh. Nullam mollis. Ut justo. Suspendisse potenti. Hendrerit. Pellentesque aliquet nibh nec urna. In nisi neque, aliquet vel, dapibus id, mattis vel, nisi. Sed pretium.</p>
<!-- /wp:paragraph --><!-- wp:paragraph -->
<p>In nisi neque, aliquet vel, dapibus id, mattis vel, nisi. Sed pretium, ligula sollicitudin laoreet viverra, tortor libero sodales leo, eget blandit nunc tortor eu nibh. Nullam mollis. Ut justo. Suspendisse potent.<br /><br />ligula sollicitudin laoreet viverra, tortor libero sodales leo, eget blandit nunc tortor eu nibh. Nullam mollis. Ut justo.</p>
<!-- /wp:paragraph --></div>
</section>
<!-- /wp:uagb/section --></div>
<!-- /wp:column --></div>
<!-- /wp:columns --></div>
				</div>
				</div>
						</div>
			</div>
		</div>
						</div>
			</div>
		</section>
						</div>
			</div>
		</div>
		<p>The post <a rel="nofollow" href="/kamalame-cay-resort-2/">Kamalame Cay Resort</a> appeared first on <a rel="nofollow" href="">Harold</a>.</p>
]]></content:encoded>
										</item>
		<item>
		<title>Kamalame Cay Resort</title>
		<link>/kamalame-cay-resort/</link>
				<pubDate>Fri, 28 Dec 2018 07:10:06 +0000</pubDate>
		<dc:creator><![CDATA[Harold Sumbrana]]></dc:creator>
				<category><![CDATA[Category1]]></category>

		<guid isPermaLink="false">https://websitedemos.net/bbq-restaurant-02/?p=171</guid>
				<description><![CDATA[<p>Kamalame Cay, The Bahamas</p>
<p>The post <a rel="nofollow" href="/kamalame-cay-resort/">Kamalame Cay Resort</a> appeared first on <a rel="nofollow" href="">Harold</a>.</p>
]]></description>
								<content:encoded><![CDATA[		<div data-elementor-type="post" data-elementor-id="171" class="elementor elementor-171" data-elementor-settings="[]">
			<div class="elementor-inner">
				<div class="elementor-section-wrap">
							<section class="elementor-element elementor-element-498ba45 elementor-section-boxed elementor-section-height-default elementor-section-height-default elementor-section elementor-top-section" data-id="498ba45" data-element_type="section">
						<div class="elementor-container elementor-column-gap-default">
				<div class="elementor-row">
				<div class="elementor-element elementor-element-53c0d2d4 elementor-column elementor-col-100 elementor-top-column" data-id="53c0d2d4" data-element_type="column">
			<div class="elementor-column-wrap  elementor-element-populated">
					<div class="elementor-widget-wrap">
				<div class="elementor-element elementor-element-7c44b16 elementor-widget elementor-widget-text-editor" data-id="7c44b16" data-element_type="widget" data-widget_type="text-editor.default">
				<div class="elementor-widget-container">
					<div class="elementor-text-editor elementor-clearfix"><!-- wp:spacer {"height":30} -->
<div class="wp-block-spacer" style="height: 30px;" aria-hidden="true"> </div>
<!-- /wp:spacer --><!-- wp:paragraph {"dropCap":true} -->
<p class="has-drop-cap">Phasellus hendrerit. Pellentesque aliquet nibh nec urna. In nisi neque, aliquet vel, dapibus id, mattis vel, nisi. Sed pretium, ligula sollicitudin laoreet viverra, tortor libero sodales leo, eget blandit nunc tortor eu nibh. Nullam mollis. Ut justo. Suspendisse potenti. Hendrerit. Pellentesque aliquet nibh nec urna. In nisi neque, aliquet vel, dapibus id, mattis vel, nisi. Sed pretium, ligula sollicitudin laoreet viverra, tortor libero sodales leo, eget blandit nunc tortor eu nibh. Nullam mollis. Ut justo. Suspendisse potenti, aliquet vel, dapibus id, mattis vel, nisi. Sed pretium, ligula sollicitudin laoreet viverra, tortor libero sodales leo, eget blandit nunc tortor eu nibh. Nullam mollis. Ut justo. Suspendisse potenti. ligula sollicitudin laoreet viverra, tortor libero sodales leo, eget blandit nunc tortor eu nibh. Nullam mollis. Ut justo. Suspendisse potenti. Hendrerit. ligula sollicitudin laoreet viverra, tortor libero sodales leo, eget blandit nunc tortor eu nibh. Nullam mollis. Ut justo. Suspendisse potenti. Hendrerit.</p>
<!-- /wp:paragraph --><!-- wp:uagb/section {"block_id":"e3608d94-f499-45a5-a3b8-058900407d32","topPadding":10,"bottomPadding":10,"topMargin":55,"bottomMargin":55,"contentWidth":"full_width","innerWidth":1200,"backgroundType":"color","backgroundColor":"#ffe6bf","backgroundOpacity":79} -->
<section id="uagb-section-e3608d94-f499-45a5-a3b8-058900407d32" class="wp-block-uagb-section uagb-section__wrap uagb-section__background-color">
<div class="uagb-section__overlay"> </div>
<div class="uagb-section__inner-wrap"><!-- wp:quote -->
<blockquote class="wp-block-quote">
<p>Pellentesque aliquet nibh nec urna. In nisi neque, aliquet vel, dapibus id, mattis vel, nisi. Sed pretium, ligula sollicitudin laoreet viverra, tortor libero sodales leo, eget blandit nunc tortor eu nibh. Nullam mollis. Ut justo. Suspendisse potenti.</p>
</blockquote>
<!-- /wp:quote --></div>
</section>
<!-- /wp:uagb/section --><!-- wp:columns -->
<div class="wp-block-columns has-2-columns"><!-- wp:column -->
<div class="wp-block-column"><!-- wp:image {"id":172,"width":456,"height":570} -->
<figure class="wp-block-image is-resized"><img class="wp-image-172" src="https://websitedemos.net/bbq-restaurant-02/wp-content/uploads/sites/284/2018/12/pic04-free-img.jpg" alt="" width="456" height="570" /></figure>
<!-- /wp:image --></div>
<!-- /wp:column --><!-- wp:column -->
<div class="wp-block-column"><!-- wp:uagb/section {"align":"left","block_id":"472958b0-1ea2-42b4-9b43-29c59e5b2186","topPadding":0,"leftPadding":0,"leftMargin":-30} -->
<section id="uagb-section-472958b0-1ea2-42b4-9b43-29c59e5b2186" class="wp-block-uagb-section uagb-section__wrap uagb-section__background-undefined">
<div class="uagb-section__overlay"> </div>
<div class="uagb-section__inner-wrap"><!-- wp:paragraph {"fontSize":"medium"} -->
<p class="has-medium-font-size"><strong>Consectetur adipiscing elit elit tellus, luctus nec ullamcorper mattis, pulvinar dapibus leo.​ Lorem ipsum dolor sit amet, consectetur adipiscing elit.</strong></p>
<!-- /wp:paragraph --><!-- wp:paragraph -->
<p>Phasellus hendrerit. Pellentesque aliquet nibh nec urna. In nisi neque, aliquet vel, dapibus id, mattis vel, nisi. Sed pretium, ligula sollicitudin laoreet viverra, tortor libero sodales leo, eget blandit nunc tortor eu nibh. Nullam mollis. Ut justo. Suspendisse potenti. Hendrerit. Pellentesque aliquet nibh nec urna. In nisi neque, aliquet vel, dapibus id, mattis vel, nisi. Sed pretium.</p>
<!-- /wp:paragraph --><!-- wp:paragraph -->
<p>In nisi neque, aliquet vel, dapibus id, mattis vel, nisi. Sed pretium, ligula sollicitudin laoreet viverra, tortor libero sodales leo, eget blandit nunc tortor eu nibh. Nullam mollis. Ut justo. Suspendisse potent.<br /><br />ligula sollicitudin laoreet viverra, tortor libero sodales leo, eget blandit nunc tortor eu nibh. Nullam mollis. Ut justo.</p>
<!-- /wp:paragraph --></div>
</section>
<!-- /wp:uagb/section --></div>
<!-- /wp:column --></div>
<!-- /wp:columns --></div>
				</div>
				</div>
						</div>
			</div>
		</div>
						</div>
			</div>
		</section>
						</div>
			</div>
		</div>
		<p>The post <a rel="nofollow" href="/kamalame-cay-resort/">Kamalame Cay Resort</a> appeared first on <a rel="nofollow" href="">Harold</a>.</p>
]]></content:encoded>
										</item>
	</channel>
</rss>
